offer,total_charges
"Offer E",173507.58999999994
"Offer D",560484.1499999994
"Offer C",852211.9500000005
"Offer A",2831989.8499999987
"Offer B",3126292.9
None,8516238.799999975
